{
 "4": {
  "L": 1.2849609182206347,
  "P": [
   [
    -0.22912861921434338,
    0.6016747979800928
   ],
   [
    -0.18158910189099423,
    0.14926292819235226
   ],
   [
    0.19350786021077174,
    0.14263968319064887
   ],
   [
    0.2569896171783768,
    0.5930912033839096
   ]
  ],
  "mm": -1.3357093209265258e-12
 },
 "5": {
  "L": 1.2845507693431273,
  "P": [
   [
    -0.27932228180031937,
    0.24192556780737656
   ],
   [
    -0.08775741540060439,
    -0.16514598396242572
   ],
   [
    0.2670106090616278,
    -0.05304919358549464
   ],
   [
    0.24676150526071194,
    0.0758370111908416
   ],
   [
    0.17743502959974136,
    0.40065455253257365
   ]
  ],
  "mm": -1.6486811915683575e-14
 },
 "6": {
  "L": 1.2829754922159682,
  "P": [
   [
    -0.430569651018058,
    0.6299316091297741
   ],
   [
    -0.11706115827439885,
    0.5154213625035196
   ],
   [
    -0.005728657681913515,
    0.45751179843497325
   ],
   [
    -0.10260624296718948,
    0.10616673678895282
   ],
   [
    -0.22788465810354758,
    0.11349871345953669
   ],
   [
    -0.5557767724409892,
    0.17584405261087235
   ]
  ],
  "mm": -3.982925100842749e-15
 },
 "7": {
  "L": 1.2828830046124242,
  "P": [
   [
    -0.29409489083904194,
    0.24074343047381977
   ],
   [
    -0.11722650645483666,
    -0.04250464946735191
   ],
   [
    -0.03712978840721552,
    -0.13876063453215004
   ],
   [
    0.2855917415920901,
    0.028871782032135737
   ],
   [
    0.25956581853364097,
    0.12770291613788143
   ],
   [
    0.24594338226464244,
    0.1675829840780719
   ],
   [
    0.12275586855441957,
    0.45828053134453606
   ]
  ],
  "mm": -2.6645352591003757e-15
 },
 "8": {
  "L": 1.2827742373506414,
  "P": [
   [
    -0.09857176823464109,
    0.546077450823102
   ],
   [
    -0.20781026060494068,
    0.25062854959444897
   ],
   [
    -0.22010059422502146,
    0.2075619793007944
   ],
   [
    -0.240197263080788,
    0.10934729335885512
   ],
   [
    0.08952466143758898,
    -0.04178601576924308
   ],
   [
    0.15081061144271102,
    0.037548743327742974
   ],
   [
    0.17541386360017155,
    0.07497148982392132
   ],
   [
    0.3279303027120059,
    0.35058336127185036
   ]
  ],
  "mm": -1.9949319973733282e-17
 }
}