{
 "10": 506246.9091612398,
 "12": 1.2845430063600682
}